{"_timestamp":1.738849928005385e+09,"_runtime":0.622456,"_step":7,"acc":0.9427904054800673,"_wandb":{"runtime":0},"loss":0.0180673934366806}